<?xml version="1.0" encoding="UTF-8"?>
<project-private xmlns="http://www.netbeans.org/ns/project-private/1">
    <editor-bookmarks xmlns="http://www.netbeans.org/ns/editor-bookmarks/2" lastBookmarkId="0"/>
    <open-files xmlns="http://www.netbeans.org/ns/projectui-open-files/2">
        <group>
            <file>file:/C:/Users/Dinesh/Documents/NetBeansProjects/clms/src/com/example/view/SearchBook.java</file>
            <file>file:/C:/Users/Dinesh/Documents/NetBeansProjects/clms/src/com/example/view/AddMember.java</file>
            <file>file:/C:/Users/Dinesh/Documents/NetBeansProjects/clms/src/com/example/view/AddBook.java</file>
            <file>file:/C:/Users/Dinesh/Documents/NetBeansProjects/clms/src/com/example/view/SearchMember.java</file>
            <file>file:/C:/Users/Dinesh/Documents/NetBeansProjects/clms/src/com/example/view/LogIn.java</file>
            <file>file:/C:/Users/Dinesh/Documents/NetBeansProjects/clms/src/com/example/view/IssueBook.java</file>
            <file>file:/C:/Users/Dinesh/Documents/NetBeansProjects/clms/src/com/example/model/Member.java</file>
            <file>file:/C:/Users/Dinesh/Documents/NetBeansProjects/clms/src/com/example/view/MainPage.java</file>
            <file>file:/C:/Users/Dinesh/Documents/NetBeansProjects/clms/src/com/example/view/ReturnBook.java</file>
            <file>file:/C:/Users/Dinesh/Documents/NetBeansProjects/clms/src/com/example/view/RenewBook.java</file>
        </group>
        <group name="Spring And Hibernate">
            <file>file:/C:/Users/Dinesh/Documents/NetBeansProjects/clms/src/com/example/view/SearchBook.java</file>
            <file>file:/C:/Users/Dinesh/Documents/NetBeansProjects/clms/src/com/example/view/AddMember.java</file>
            <file>file:/C:/Users/Dinesh/Documents/NetBeansProjects/clms/src/com/example/view/AddBook.java</file>
            <file>file:/C:/Users/Dinesh/Documents/NetBeansProjects/clms/src/com/example/view/LogIn.java</file>
            <file>file:/C:/Users/Dinesh/Documents/NetBeansProjects/clms/src/com/example/view/SearchMember.java</file>
            <file>file:/C:/Users/Dinesh/Documents/NetBeansProjects/clms/src/com/example/view/IssueBook.java</file>
            <file>file:/C:/Users/Dinesh/Documents/NetBeansProjects/clms/src/com/example/view/MainPage.java</file>
            <file>file:/C:/Users/Dinesh/Documents/NetBeansProjects/clms/src/com/example/model/Member.java</file>
            <file>file:/C:/Users/Dinesh/Documents/NetBeansProjects/clms/src/com/example/view/ReturnBook.java</file>
            <file>file:/C:/Users/Dinesh/Documents/NetBeansProjects/clms/src/com/example/view/RenewBook.java</file>
        </group>
    </open-files>
</project-private>
